id,observed_on_string,image_url,latitude,longitude,species_guess,scientific_name,common_name,iconic_taxon_name,taxon_id
4342328,2016/10/12 9:54 AM EDT,https://static.inaturalist.org/photos/5212858/medium.jpg?1476388071,33.7791116606,-84.4370126724,Late Goldenrod,Solidago altissima,tall goldenrod,Plantae,79148
4342337,2016/10/12 9:54 AM EDT,https://static.inaturalist.org/photos/5212901/medium.jpg?1476388218,33.7801461042,-84.4373559952,Broomsedge bluestem,Andropogon virginicus,broomsedge bluestem,Plantae,75433
4342419,2016/10/12 9:53 AM EDT,https://static.inaturalist.org/photos/5212914/medium.jpg?1476388268,33.7795397078,-84.4374847412,Annual Fleabane,Erigeron annuus,annual fleabane,Plantae,76897
4487567,Thu Nov 03 2016 12:29:58 GMT-0400 (EDT),https://static.inaturalist.org/photos/5419510/medium.jpg?1478190643,33.7767865509,-84.4482201152,Domestic Dog,Canis familiaris,Dog,Mammalia,47144
13395626,Wed Jun 13 2018 11:44:28 GMT-0400 (EDT),https://static.inaturalist.org/photos/19647606/medium.jpg?1528904728,33.7758743263,-84.4388212478,Tetragnatha,Tetragnatha,,Arachnida,47550
13396745,Wed Jun 13 2018 12:29:01 GMT-0400 (EDT),https://static.inaturalist.org/photos/19649609/medium.jpg?1528907405,33.7758822693,-84.4391741977,Mushroom,Pluteus,,Fungi,60783
13776987,Wed Jun 13 2018 12:41:37 GMT-0400 (EDT),https://static.inaturalist.org/photos/20314723/medium.jpg?1529949501,33.7765216667,-84.4388716667,Cambaridae,Cambarus,,Animalia,82104
13777097,Mon Jun 18 2018 12:17:50 GMT-0400 (EDT),https://static.inaturalist.org/photos/20314935/medium.jpg?1529949767,33.7834901431,-84.4476303772,,Amphibia,Amphibians,Amphibia,20978
13777154,Mon Jun 18 2018 12:16:31 GMT-0400 (EDT),https://static.inaturalist.org/photos/20315053/medium.jpg?1529949895,33.78345,-84.4483416667,Green Sunfish,Lepomis cyanellus,Green Sunfish,Actinopterygii,58636
13777312,Mon Jun 18 2018 12:07:19 GMT-0400 (EDT),https://static.inaturalist.org/photos/20315385/medium.jpg?1529950413,33.7837783333,-84.4483416667,Eastern Mosquitofish,Gambusia holbrooki,Eastern Mosquitofish,Actinopterygii,101204
14220444,Mon Jul 09 2018 14:53:22 GMT-0400 (EDT),https://static.inaturalist.org/photos/21097539/medium.jpg?1531193980,33.7749116667,-84.440925,tulip tree,Liriodendron tulipifera,tulip tree,Plantae,53582
15296255,2018/07/22 6:12 PM CDT,https://static.inaturalist.org/photos/22897798/medium.jpeg?1533928653,33.7716716667,-84.4408516667,Red-tailed Hawk,Buteo jamaicensis,Red-tailed Hawk,Aves,5212
18048324,2018-10-16 11:48:32 AM EDT,https://static.inaturalist.org/photos/27595854/medium.jpeg?1541219266,33.7813873087,-84.4519425184,Wild Turkey,Meleagris gallopavo,Wild Turkey,Aves,906
18261005,2018-11-08 10:12:02 AM EST,https://static.inaturalist.org/photos/27895765/medium.jpeg?1541690090,33.7858314514,-84.4486083984,,Stylommatophora,Common Land Snails and Slugs,Mollusca,47485
18287960,2018-11-09 1:04:15 PM EST,https://static.inaturalist.org/photos/27939606/medium.jpeg?1541786712,33.7852325439,-84.4496459961,Amanita persicina,Amanita persicina,,Fungi,504587
18981078,Wed Dec 12 2018 11:30:50 GMT-0500 (EST),https://static.inaturalist.org/photos/29101790/medium.jpg?1544632367,33.7781344029,-84.4340562076,,Poaceae,grasses,Plantae,47434
20290457,2019/02/09 11:01 AM EST,https://static.inaturalist.org/photos/31323669/medium.jpg?1549930052,33.7765133333,-84.4353966667,Mosses,Bryophyta,mosses,Plantae,311249
20373908,Tue Feb 12 2019 10:23:57 GMT-0500 (EST),https://static.inaturalist.org/photos/31462457/medium.jpg?1550273457,33.78633,-84.4470883333,,Spathularia,,Fungi,174939
22287785,2019-04-10 12:57:31 PM EDT,https://static.inaturalist.org/photos/34516162/medium.jpeg?1554915858,33.77584952,-84.4400482,Wolf Spiders and Allies,Lycosoidea,Wolf Spiders and Allies,Arachnida,367161
22366982,2019-04-12 9:21:20 AM EDT,https://static.inaturalist.org/photos/34642776/medium.jpeg?1555075723,33.77577468,-84.44061421,Clematis,Clematis,Clematis,Plantae,49877
22374727,2019-04-12 12:57:40 PM EDT,https://static.inaturalist.org/photos/34654401/medium.jpeg?1555089048,33.77573123,-84.44044565,Eastern Rat Snake,Pantherophis alleghaniensis,Eastern Ratsnake,Reptilia,59644
23390210,Sat Apr 27 2019 11:46:18 GMT-0400 (EDT),https://static.inaturalist.org/photos/36227389/medium.jpg?1556380025,33.7755105319,-84.4380926807,,,,,
23397413,Sat Apr 27 2019 12:15:13 GMT-0400 (EDT),https://static.inaturalist.org/photos/36238030/medium.jpg?1556381874,33.7755038683,-84.4379739092,,,,,
23398029,2019-04-27 12:16:56 PM EDT,https://static.inaturalist.org/photos/36238119/medium.jpeg?1556381890,33.7753333333,-84.4379483333,,Vaccinium stamineum,deerberry,Plantae,67792
23398065,Sat Apr 27 2019 12:17:40 GMT-0400 (EDT),https://static.inaturalist.org/photos/36238187/medium.jpg?1556381898,33.7753825402,-84.4382160623,,,,,
23398289,Sat Apr 27 2019 12:18:10 GMT-0400 (EDT),https://static.inaturalist.org/photos/36238505/medium.jpg?1556381942,33.7755113282,-84.4380033296,,,,,
23398361,Sat Apr 27 2019 12:18:47 GMT-0400 (EDT),https://static.inaturalist.org/photos/36238627/medium.jpg?1556381962,33.7755959016,-84.4380432275,,,,,
23398362,Sat Apr 27 2019 12:19:03 GMT-0400 (EDT),https://static.inaturalist.org/photos/36238722/medium.jpg?1556381976,33.7756434689,-84.438129142,,,,,
23398555,Sat Apr 27 2019 12:19:52 GMT-0400 (EDT),https://static.inaturalist.org/photos/36238927/medium.jpg?1556382008,33.7755004736,-84.438021686,,Potentilla canadensis,dwarf cinquefoil,Plantae,81597
23398648,Sat Apr 27 2019 12:19:35 GMT-0400 (EDT),https://static.inaturalist.org/photos/36239124/medium.jpg?1556382040,33.7756510545,-84.4379991387,,Quercus,oaks,Plantae,47851
23398750,Sat Apr 27 2019 12:20:17 GMT-0400 (EDT),https://static.inaturalist.org/photos/36239343/medium.jpg?1556382078,33.7756347936,-84.4379482605,,,,,
23398906,Sat Apr 27 2019 12:21:19 GMT-0400 (EDT),https://static.inaturalist.org/photos/36239454/medium.jpg?1556382099,33.7757977378,-84.4378309977,,,,,
23399244,Sat Apr 27 2019 12:21:00 GMT-0400 (EDT),https://static.inaturalist.org/photos/36239960/medium.jpg?1556382187,33.7755840831,-84.4379817881,,,,,
23399428,Sat Apr 27 2019 12:22:38 GMT-0400 (EDT),https://static.inaturalist.org/photos/36240734/medium.jpg?1556382318,33.7758210395,-84.4378351887,,,,,
23399962,2019-04-27 12:24:33 PM EDT,https://static.inaturalist.org/photos/36240812/medium.jpeg?1556382335,33.7756966667,-84.4378716667,,Erigeron,Fleabanes and Horseweeds,Plantae,50879
23400174,2019-04-27 12:25:46 PM EDT,https://static.inaturalist.org/photos/36241101/medium.jpeg?1556382391,33.7760433333,-84.437915,,,,,
23400351,2019-04-27 12:26:42 PM EDT,https://static.inaturalist.org/photos/36241332/medium.jpeg?1556382437,33.7766202,-84.4386575,,,,,
23400405,Sat Apr 27 2019 12:23:13 GMT-0400 (EDT),https://static.inaturalist.org/photos/36241459/medium.jpg?1556382464,33.7757931277,-84.4378287346,,,,,
23400494,2019-04-27 12:26:59 PM EDT,https://static.inaturalist.org/photos/36241501/medium.jpeg?1556382472,33.7759316667,-84.4380066667,Persian silk tree,Albizia julibrissin,Persian silk tree,Plantae,47443
23400518,Sat Apr 27 2019 12:24:29 GMT-0400 (EDT),https://static.inaturalist.org/photos/36241706/medium.jpg?1556382510,33.7759269448,-84.4379030821,,,,,
23400631,Sat Apr 27 2019 12:28:06 GMT-0400 (EDT),https://static.inaturalist.org/photos/36241737/medium.jpg?1556382516,33.7758989912,-84.4376740047,,,,,
23400690,Sat Apr 27 2019 12:27:15 GMT-0400 (EDT),https://static.inaturalist.org/photos/36241994/medium.jpg?1556382566,33.7759605563,-84.4377727435,,,,,
23400765,2019-04-27 12:27:58 PM EDT,https://static.inaturalist.org/photos/36241932/medium.jpeg?1556382554,33.7765527,-84.4382475,,,,,
23401076,Sat Apr 27 2019 12:29:54 GMT-0400 (EDT),https://static.inaturalist.org/photos/36242460/medium.jpg?1556382647,33.7759421161,-84.4376168401,,,,,
23401100,Sat Apr 27 2019 12:28:16 GMT-0400 (EDT),https://static.inaturalist.org/photos/36242360/medium.jpg?1556382628,33.7758839876,-84.4377227873,bloodroot,Sanguinaria canadensis,bloodroot,Plantae,51044
23401161,Sat Apr 27 2019 12:30:19 GMT-0400 (EDT),https://static.inaturalist.org/photos/36242464/medium.jpg?1556382648,33.7759246398,-84.4374782872,,,,,
23401264,2019-04-27 12:30:26 PM EDT,https://static.inaturalist.org/photos/36242567/medium.jpeg?1556382665,33.7760283333,-84.4376433333,,Nabalus,rattlesnakeroots,Plantae,130953
23401320,Sat Apr 27 2019 12:30:45 GMT-0400 (EDT),https://static.inaturalist.org/photos/36242716/medium.jpg?1556382695,33.775985702,-84.4374782872,,Nabalus,rattlesnakeroots,Plantae,130953
23401416,2019-04-27 12:30:51 PM EDT,https://static.inaturalist.org/photos/36242719/medium.jpeg?1556382696,33.7759316667,-84.4374616667,,,,,
23401522,Sat Apr 27 2019 12:31:50 GMT-0400 (EDT),https://static.inaturalist.org/photos/36243210/medium.jpg?1556382783,33.7762958743,-84.4373611082,,,,,
23401900,Sat Apr 27 2019 12:32:49 GMT-0400 (EDT),https://static.inaturalist.org/photos/36243508/medium.jpg?1556382830,33.7760928227,-84.4373479486,,Sanicula canadensis,Black Snakeroot,Plantae,81722
23401930,Sat Apr 27 2019 12:33:14 GMT-0400 (EDT),https://static.inaturalist.org/photos/36243540/medium.jpg?1556382843,33.7760812138,-84.4372660574,,Nabalus,rattlesnakeroots,Plantae,130953
23402121,Sat Apr 27 2019 12:33:59 GMT-0400 (EDT),https://static.inaturalist.org/photos/36244011/medium.jpg?1556382935,33.776121866,-84.4372221363,,Thalictrum,meadow-rues,Plantae,53300
23402248,Sat Apr 27 2019 12:34:50 GMT-0400 (EDT),https://static.inaturalist.org/photos/36243995/medium.jpg?1556382932,33.7761610933,-84.4373190311,,,,,
23402948,Sat Apr 27 2019 12:35:17 GMT-0400 (EDT),https://static.inaturalist.org/photos/36244947/medium.jpg?1556383089,33.7761754683,-84.4372301829,,,,,
23403132,Sat Apr 27 2019 12:38:04 GMT-0400 (EDT),https://static.inaturalist.org/photos/36245219/medium.jpg?1556383143,33.7761046831,-84.436443206,,Polyporales,shelf fungi,Fungi,47380
23403252,Sat Apr 27 2019 12:38:58 GMT-0400 (EDT),https://static.inaturalist.org/photos/36245565/medium.jpg?1556383201,33.776405803,-84.4365071599,,,,,
23403258,2019-04-27 12:35:47 PM EDT,https://static.inaturalist.org/photos/36245396/medium.jpeg?1556383173,33.776405,-84.4366683333,,Polyporales,shelf fungi,Fungi,47380
23404264,2019-04-27 12:42:54 PM EDT,https://static.inaturalist.org/photos/36246822/medium.jpeg?1556383407,33.7757335,-84.4502484,,,,,
23404564,2019-04-27 12:43:19 PM EDT,https://static.inaturalist.org/photos/36247286/medium.jpeg?1556383480,33.7762916667,-84.43604,,,,,
23405227,2019-04-27 12:44:42 PM EDT,https://static.inaturalist.org/photos/36248126/medium.jpeg?1556383612,33.7763583333,-84.4361533333,,,,,
23405871,Sat Apr 27 2019 12:48:37 GMT-0400 (EDT),https://static.inaturalist.org/photos/36249075/medium.jpg?1556383760,33.7764656078,-84.4359723945,,,,,
23406485,2019-04-27 12:48:54 PM EDT,https://static.inaturalist.org/photos/36249888/medium.jpeg?1556383881,33.7757335,-84.4502484,,Glechoma hederacea,ground-ivy,Plantae,55830
23406619,Sat Apr 27 2019 12:51:38 GMT-0400 (EDT),https://static.inaturalist.org/photos/36250158/medium.jpg?1556383923,33.7764697569,-84.4353573304,,Fagus grandifolia,American beech,Plantae,49202
23406847,Sat Apr 27 2019 12:52:16 GMT-0400 (EDT),https://static.inaturalist.org/photos/36250413/medium.jpg?1556383963,33.7764733192,-84.4351552428,,,,,
23500525,Sat Apr 27 2019 09:31:51 GMT-0400 (EDT),https://static.inaturalist.org/photos/36389479/medium.jpg?1556406220,33.77597,-84.4381466667,,Lactuca,lettuces,Plantae,53106
23602918,Sat Apr 27 2019 18:17:31 GMT-0400 (EDT),https://static.inaturalist.org/photos/36543659/medium.jpg?1556448773,33.7870576512,-84.4505807944,Ebony Jewelwing,Calopteryx maculata,Ebony Jewelwing,Insecta,84481
25115249,Tue May 14 2019 12:33:39 GMT-0400 (EDT),https://static.inaturalist.org/photos/38870978/medium.jpg?1557851832,33.786195,-84.4471966667,,Insecta,Insects,Insecta,47158
25115335,Tue May 14 2019 12:33:17 GMT-0400 (EDT),https://static.inaturalist.org/photos/38871146/medium.jpg?1557851975,33.786155,-84.4472883333,Chrysopilus,Chrysopilus,,Insecta,61493
25288933,Fri May 17 2019 20:04:30 GMT-0400 (EDT),https://static.inaturalist.org/photos/39152845/medium.jpg?1558137933,33.7779666667,-84.4395666667,oxeye daisy,Leucanthemum vulgare,oxeye daisy,Plantae,56057
25496856,Wed May 15 2019 08:57:47 GMT-0400 (EDT),https://static.inaturalist.org/photos/39499478/medium.jpg?1558441728,33.7757328619,-84.4407939167,Chinese parasol tree,Firmiana simplex,Chinese parasol tree,Plantae,162991
26458257,Wed Jun 05 2019 16:42:02 GMT-0400 (EDT),https://static.inaturalist.org/photos/41086428/medium.jpg?1559767393,33.7749487348,-84.4411099982,,Brassica rapa,field mustard,Plantae,53271
26458886,Wed Jun 05 2019 16:55:43 GMT-0400 (EDT),https://static.inaturalist.org/photos/41087645/medium.jpg?1559768233,33.7741348101,-84.4405189902,Eastern Ratsnake,Pantherophis alleghaniensis,Eastern Ratsnake,Reptilia,59644
27442440,2019-06-22 10:22:24 AM EDT,https://static.inaturalist.org/photos/42699330/medium.jpeg?1561221485,33.77654699,-84.43646505,Indian-shot,Canna indica,Indian-shot,Plantae,146643
27442471,2019-06-22 10:25:29 AM EDT,https://static.inaturalist.org/photos/42699370/medium.jpeg?1561221507,33.77645071,-84.43652567,Ray-finned Fishes,Actinopterygii,Ray-finned Fishes,Actinopterygii,47178
27442497,2019-06-22 11:01:35 AM EDT,https://static.inaturalist.org/photos/42699389/medium.jpeg?1561221518,33.77665181,-84.43602195,Red Shiner,Cyprinella lutrensis,Red Shiner,Actinopterygii,98905
27442509,2019-06-22 11:03:11 AM EDT,https://static.inaturalist.org/photos/42699405/medium.jpeg?1561221530,33.77663011,-84.43600574,Roughbelly Darters,Percina,Roughbelly Darters,Actinopterygii,58628
27442518,2019-06-22 11:50:11 AM EDT,https://static.inaturalist.org/photos/42699420/medium.jpeg?1561221539,33.77664933,-84.43358757,White Crappie,Pomoxis annularis,White Crappie,Actinopterygii,49593
27442532,2019-06-22 11:55:41 AM EDT,https://static.inaturalist.org/photos/42699445/medium.jpeg?1561221552,33.77672853,-84.4335713,Bluegill,Lepomis macrochirus,Bluegill,Actinopterygii,49591
27469516,Sat Jun 22 2019 12:18:34 GMT-0400 (EDT),https://static.inaturalist.org/photos/42743278/medium.jpg?1561246510,33.77667,-84.4334333333,Bluegill,Lepomis macrochirus,Bluegill,Actinopterygii,49591
27469689,Sat Jun 22 2019 11:07:38 GMT-0400 (EDT),https://static.inaturalist.org/photos/42743640/medium.jpg?1561246702,33.7766533333,-84.43602,Etheostoma nigrofasciata,Etheostoma,,Actinopterygii,58632
27470012,Sat Jun 22 2019 11:53:47 GMT-0400 (EDT),https://static.inaturalist.org/photos/42744147/medium.jpg?1561247004,33.7767333333,-84.4335416667,Black Crappie,Pomoxis nigromaculatus,Black Crappie,Actinopterygii,49594
29973686,Thu Aug 01 2019 08:37:09 GMT-0400 (EDT),https://static.inaturalist.org/photos/47011809/medium.jpg?1564842858,33.7767099403,-84.4374108967,,Anisota senatoria,Orange-tipped Oakworm Moth,Insecta,81583
29979330,Thu Aug 01 2019 10:21:56 GMT-0400 (EDT),https://static.inaturalist.org/photos/46815831/medium.jpg?1564669620,33.7745699721,-84.4415670718,trifoliate orange,Citrus trifoliata,trifoliate orange,Plantae,200071
29981801,2019-08-01 10:31:27 AM EDT,https://static.inaturalist.org/photos/46819083/medium.jpeg?1564671928,33.7756004333,-84.4406967163,Black Giant Ichneumonid Wasp,Megarhyssa atrata,Black Giant Ichneumonid Wasp,Insecta,47941
30829005,2019-08-14 3:41:07 PM EDT,https://static.inaturalist.org/photos/48189321/medium.jpeg?1565811732,33.774068,-84.4455154,Hackberry Emperor,Asterocampa celtis,Hackberry Emperor,Insecta,68264
31442249,Sat Aug 24 2019 10:06:01 GMT-0400 (EDT),https://static.inaturalist.org/photos/49207781/medium.jpg?1566691100,33.7839485938,-84.4447267894,,,,,
31442270,Sat Aug 24 2019 10:07:12 GMT-0400 (EDT),https://static.inaturalist.org/photos/49207823/medium.jpg?1566691130,33.7835403532,-84.444878921,American pokeweed,Phytolacca americana,American pokeweed,Plantae,48599
31442283,Sat Aug 24 2019 10:11:06 GMT-0400 (EDT),https://static.inaturalist.org/photos/49207850/medium.jpg?1566691149,33.7809524825,-84.4441695605,common hibiscus,Hibiscus syriacus,common hibiscus,Plantae,126585
31442302,Sat Aug 24 2019 10:11:42 GMT-0400 (EDT),https://static.inaturalist.org/photos/49207893/medium.jpg?1566691173,33.7807781808,-84.4441652019,common hibiscus,Hibiscus syriacus,common hibiscus,Plantae,126585
31442344,Sat Aug 24 2019 10:21:17 GMT-0400 (EDT),https://static.inaturalist.org/photos/49208026/medium.jpg?1566691269,33.7783411006,-84.4405203313,Bird Grasshoppers,Schistocerca,Bird Grasshoppers,Insecta,52159
31442391,Sat Aug 24 2019 10:28:07 GMT-0400 (EDT),https://static.inaturalist.org/photos/49208084/medium.jpg?1566691309,33.7782674237,-84.4367277716,Gulf Fritillary,Agraulis vanillae,Gulf Fritillary,Insecta,49150
31442464,Sat Aug 24 2019 10:35:00 GMT-0400 (EDT),https://static.inaturalist.org/photos/49208164/medium.jpg?1566691370,33.7781781564,-84.432545621,foxtails and bristlegrasses,Setaria,foxtails and bristlegrasses,Plantae,50055
31442583,Sat Aug 24 2019 11:41:10 GMT-0400 (EDT),https://static.inaturalist.org/photos/49208298/medium.jpg?1566691469,33.7838453288,-84.4466884062,,,,,
31442778,Sat Aug 24 2019 11:45:07 GMT-0400 (EDT),https://static.inaturalist.org/photos/49208562/medium.jpg?1566691681,33.7833373854,-84.4497767185,Datana,Datana,,Insecta,47717
33029144,Thu Sep 19 2019 16:37:00 GMT-0400 (EDT),https://static.inaturalist.org/photos/51842516/medium.jpg?1568925431,33.7819698779,-84.4445952774,,,,,
33029352,Thu Sep 19 2019 16:40:24 GMT-0400 (EDT),https://static.inaturalist.org/photos/51842916/medium.jpg?1568925638,33.783542323,-84.4448980317,blue mistflower,Conoclinium coelestinum,blue mistflower,Plantae,119095
33228790,2019-08-22 10:05:00 AM EDT,https://static.inaturalist.org/photos/52172035/medium.jpeg?1569196068,33.77086857,-84.45430625,Yellow Garden Spider,Argiope aurantia,Yellow Garden Spider,Arachnida,67707
33733009,2019-10-01 9:20:44 PM EDT,https://static.inaturalist.org/photos/53011422/medium.jpeg?1569979326,33.7738216,-84.4452904,fuscatus-group Paper Wasps,Fuscopolistes,fuscatus-group Paper Wasps,Insecta,789379
33842065,2019-10-04,https://static.inaturalist.org/photos/53196372/medium.jpeg?1570199686,33.7660321642,-84.4457660313,Tersa Sphinx Moth,Xylophanes tersa,Tersa Sphinx Moth,Insecta,69737
34161639,2019-10-03 9:08:09 AM EDT,https://static.inaturalist.org/photos/53729637/medium.jpeg?1570719528,33.7705192566,-84.439704895,Northern Hemisphere Crayfishes,Astacoidea,Northern Hemisphere Crayfishes,Animalia,47783
34161643,2019-10-03 9:09:58 AM EDT,https://static.inaturalist.org/photos/53729643/medium.jpeg?1570719537,33.7709693909,-84.4396209717,,Animalia,Animals,Animalia,1
34161660,2019-10-10 9:48:02 AM EDT,https://static.inaturalist.org/photos/53729676/medium.jpeg?1570719557,33.78304372,-84.45010168,Bladder Pod,Sesbania vesicaria,Bladder Pod,Plantae,890511
34161671,2019-10-10 10:06:26 AM EDT,https://static.inaturalist.org/photos/53729690/medium.jpeg?1570719566,33.7837842,-84.4507393,,Angiospermae,flowering plants,Plantae,47125